"front href","act-place src","large-9 href","large-9","new-price","fav-count","ls-1","pink","pink href","hide"
"https://www.zivame.com/floret-medium-impact-non-padded-slip-on-sports-bra-lime-green-634.html?productId=472590&trksrc=category&trkid=multi-category","https://cdn.zivame.com/ik-seo/media/zcmsimages/configimages/FA4002-Lime%20Green/1_medium/floret-medium-impact-non-padded-slip-on-sports-bra-lime-green-634.JPG?t=1646399823","https://www.zivame.com/floret-medium-impact-non-padded-slip-on-sports-bra-lime-green-634.html?trksrc=category&trkid=multi-category","Floret Medium Impact Slip On Sports Bra - Lime Green","₹249","371 people favorited this","","","",""
"https://www.zivame.com/floret-double-layered-non-wired-3-4th-coverage-minimiser-bra-black.html?productId=681393&trksrc=category&trkid=multi-category","https://cdn.zivame.com/ik-seo/media/zcmsimages/configimages/FA1021-Black/1_medium/floret-double-layered-non-wired-3-4th-coverage-minimiser-bra-black.jpg?t=1667549702","https://www.zivame.com/floret-double-layered-non-wired-3-4th-coverage-minimiser-bra-black.html?trksrc=category&trkid=multi-category","Floret Double Layered Non Wired 3/4Th Coverage Minimiser Bra - Black","₹329","38 people favorited this","","","",""
"https://www.zivame.com/floret-double-layered-non-wired-3-4th-coverage-minimiser-bra-skin.html?productId=681392&trksrc=category&trkid=multi-category","https://cdn.zivame.com/ik-seo/media/zcmsimages/configimages/FA1021-Skin/1_medium/floret-double-layered-non-wired-3-4th-coverage-minimiser-bra-skin.jpg?t=1667549723","https://www.zivame.com/floret-double-layered-non-wired-3-4th-coverage-minimiser-bra-skin.html?trksrc=category&trkid=multi-category","Floret Double Layered Non Wired 3/4Th Coverage Minimiser Bra - Skin","₹329","37 people favorited this","","","",""
"https://www.zivame.com/floret-push-up-non-wired-t-shirt-regular-cotton-bra-red.html?productId=304356&trksrc=category&trkid=multi-category","https://cdn.zivame.com/ik-seo/media/zcmsimages/configimages/FA1038-Red/1_medium/floret-push-up-non-wired-t-shirt-regular-cotton-bra-red.jpg?t=1625643607","https://www.zivame.com/floret-push-up-non-wired-t-shirt-regular-cotton-bra-red.html?trksrc=category&trkid=multi-category","Floret Padded Non-Wired 3/4Th Coverage T-Shirt Bra - Red","₹339","313 people favorited this","3.0","(1)","https://www.zivame.com/floret-push-up-non-wired-t-shirt-regular-cotton-bra-red.html?trksrc=category&trkid=multi-category","Reviews"
"https://www.zivame.com/floret-push-up-non-wired-t-shirt-regular-cotton-bra-rose.html?productId=304360&trksrc=category&trkid=multi-category","https://cdn.zivame.com/ik-seo/media/zcmsimages/configimages/FA1041-Rose/1_medium/floret-push-up-non-wired-t-shirt-regular-cotton-bra-rose.jpg?t=1616049196","https://www.zivame.com/floret-push-up-non-wired-t-shirt-regular-cotton-bra-rose.html?trksrc=category&trkid=multi-category","Floret Padded Non-Wired 3/4Th Coverage Push-Up Bra - Rose","₹499","399 people favorited this","1.0","(1)","https://www.zivame.com/floret-push-up-non-wired-t-shirt-regular-cotton-bra-rose.html?trksrc=category&trkid=multi-category","Reviews"
"https://www.zivame.com/floret-medium-impact-non-padded-slip-on-sports-bra-wine-642.html?productId=472588&trksrc=category&trkid=multi-category","https://cdn.zivame.com/ik-seo/media/zcmsimages/configimages/FA4002-Wine/1_medium/floret-medium-impact-non-padded-slip-on-sports-bra-wine-642.JPG?t=1646399897","https://www.zivame.com/floret-medium-impact-non-padded-slip-on-sports-bra-wine-642.html?trksrc=category&trkid=multi-category","Floret Medium Impact Slip On Sports Bra - Wine","₹249","263 people favorited this","2.7","(3)","https://www.zivame.com/floret-medium-impact-non-padded-slip-on-sports-bra-wine-642.html?trksrc=category&trkid=multi-category","Reviews"
"https://www.zivame.com/floret-natural-lift-wirefere-lace-t-shirt-bra-magenta-1.html?productId=241256&trksrc=category&trkid=multi-category","https://cdn.zivame.com/ik-seo/media/zcmsimages/configimages/FA1002-Magenta/1_medium/floret-natural-lift-wirefere-lace-t-shirt-bra-magenta-1.jpg?t=1554121819","https://www.zivame.com/floret-natural-lift-wirefere-lace-t-shirt-bra-magenta-1.html?trksrc=category&trkid=multi-category","Floret Natural Lift Wirefree Lace Bra - Magenta","₹379","4889 people favorited this","3.8","(19)","https://www.zivame.com/floret-natural-lift-wirefere-lace-t-shirt-bra-magenta-1.html?trksrc=category&trkid=multi-category","Reviews"
"https://www.zivame.com/floret-double-layered-wirefree-natural-lift-nursing-bra-white.html?productId=241326&trksrc=category&trkid=multi-category","https://cdn.zivame.com/ik-seo/media/zcmsimages/configimages/FA1001-White/1_medium/floret-double-layered-wirefree-natural-lift-nursing-bra-white.jpg?t=1613109615","https://www.zivame.com/floret-double-layered-wirefree-natural-lift-nursing-bra-white.html?trksrc=category&trkid=multi-category","Floret Double Layered Wirefree Natural Lift Nursing Bra - White","₹469","14380 people favorited this","4.7","(10)","https://www.zivame.com/floret-double-layered-wirefree-natural-lift-nursing-bra-white.html?trksrc=category&trkid=multi-category","Reviews"
"https://www.zivame.com/floret-medium-impact-non-padded-slip-on-sports-bra-navy-blue-327.html?productId=472585&trksrc=category&trkid=multi-category","https://cdn.zivame.com/ik-seo/media/zcmsimages/configimages/FA4002-Nblue/1_medium/floret-medium-impact-non-padded-slip-on-sports-bra-navy-blue-327.jpg?t=1646399838","https://www.zivame.com/floret-medium-impact-non-padded-slip-on-sports-bra-navy-blue-327.html?trksrc=category&trkid=multi-category","Floret Medium Impact Slip On Sports Bra - Navy Blue","₹249","158 people favorited this","","","",""
"https://www.zivame.com/floret-double-layered-wirefree-natural-lift-t-shirt-bra-skin-1.html?productId=241344&trksrc=category&trkid=multi-category","https://cdn.zivame.com/ik-seo/media/zcmsimages/configimages/FA1004-Skin/1_medium/floret-double-layered-wirefree-natural-lift-t-shirt-bra-skin-1.jpg?t=1554119110","https://www.zivame.com/floret-double-layered-wirefree-natural-lift-t-shirt-bra-skin-1.html?trksrc=category&trkid=multi-category","Floret Double Layered Wirefree Natural Lift T-Shirt Bra - Skin","₹349","2254 people favorited this","4.1","(24)","https://www.zivame.com/floret-double-layered-wirefree-natural-lift-t-shirt-bra-skin-1.html?trksrc=category&trkid=multi-category","Reviews"
"https://www.zivame.com/floret-push-up-non-wired-t-shirt-regular-cotton-bra-black-1.html?productId=305713&trksrc=category&trkid=multi-category","https://cdn.zivame.com/ik-seo/media/zcmsimages/configimages/FA1041-Black/1_medium/floret-push-up-non-wired-t-shirt-regular-cotton-bra-black-1.JPG?t=1618210203","https://www.zivame.com/floret-push-up-non-wired-t-shirt-regular-cotton-bra-black-1.html?trksrc=category&trkid=multi-category","Floret Padded Non-Wired 3/4Th Coverage Push-Up Bra - Black","₹499","534 people favorited this","","","",""
"https://www.zivame.com/floret-double-layered-wirefree-natural-lift-t-shirt-bra-skin.html?productId=241308&trksrc=category&trkid=multi-category","https://cdn.zivame.com/ik-seo/media/zcmsimages/configimages/FA1006-Skin/1_medium/floret-double-layered-wirefree-natural-lift-t-shirt-bra-skin.jpg?t=1554210006","https://www.zivame.com/floret-double-layered-wirefree-natural-lift-t-shirt-bra-skin.html?trksrc=category&trkid=multi-category","Floret Double Layered Wirefree Natural Lift T-Shirt Bra - Skin","₹339","2876 people favorited this","4.6","(50)","https://www.zivame.com/floret-double-layered-wirefree-natural-lift-t-shirt-bra-skin.html?trksrc=category&trkid=multi-category","Reviews"
"https://www.zivame.com/floret-non-padded-non-wired-t-shirt-regular-cotton-bra-cool-grey.html?productId=304334&trksrc=category&trkid=multi-category","https://cdn.zivame.com/ik-seo/media/zcmsimages/configimages/FA1040-Cool%20Grey/1_medium/floret-non-padded-non-wired-t-shirt-regular-cotton-bra-cool-grey.JPG?t=1616049147","https://www.zivame.com/floret-non-padded-non-wired-t-shirt-regular-cotton-bra-cool-grey.html?trksrc=category&trkid=multi-category","Floret Double Layered Non-Wired Medium Coverage T-Shirt Bra - Cool Grey","₹249","492 people favorited this","4.0","(3)","https://www.zivame.com/floret-non-padded-non-wired-t-shirt-regular-cotton-bra-cool-grey.html?trksrc=category&trkid=multi-category","Reviews"
"https://www.zivame.com/floret-medium-impact-non-padded-slip-on-sports-bra-rose-666.html?productId=472587&trksrc=category&trkid=multi-category","https://cdn.zivame.com/ik-seo/media/zcmsimages/configimages/FA4002-Rose/1_medium/floret-medium-impact-non-padded-slip-on-sports-bra-rose-666.jpg?t=1646399859","https://www.zivame.com/floret-medium-impact-non-padded-slip-on-sports-bra-rose-666.html?trksrc=category&trkid=multi-category","Floret Medium Impact Slip On Sports Bra - Rose","₹249","418 people favorited this","4.0","(3)","https://www.zivame.com/floret-medium-impact-non-padded-slip-on-sports-bra-rose-666.html?trksrc=category&trkid=multi-category","Reviews"
"https://www.zivame.com/floret-medium-impact-non-padded-slip-on-sports-bra-white-849.html?productId=472581&trksrc=category&trkid=multi-category","https://cdn.zivame.com/ik-seo/media/zcmsimages/configimages/FA4002-White/1_medium/floret-medium-impact-non-padded-slip-on-sports-bra-white-849.JPG?t=1646399888","https://www.zivame.com/floret-medium-impact-non-padded-slip-on-sports-bra-white-849.html?trksrc=category&trkid=multi-category","Floret Medium Impact Slip On Sports Bra - White","₹249","315 people favorited this","","","",""
"https://www.zivame.com/floret-double-layered-wirefree-natural-lift-minimiser-bra-rose.html?productId=292390&trksrc=category&trkid=multi-category","https://cdn.zivame.com/ik-seo/media/zcmsimages/configimages/FA1017-Rose/1_medium/floret-double-layered-wirefree-natural-lift-minimiser-bra-rose.JPG?t=1609908645","https://www.zivame.com/floret-double-layered-wirefree-natural-lift-minimiser-bra-rose.html?trksrc=category&trkid=multi-category","Floret Double Layered Non-Wired Full Coverage Minimiser Bra - Rose","₹389","2297 people favorited this","4.4","(14)","https://www.zivame.com/floret-double-layered-wirefree-natural-lift-minimiser-bra-rose.html?trksrc=category&trkid=multi-category","Reviews"
"https://www.zivame.com/floret-double-layered-wirefree-super-support-bra-pink.html?productId=241305&trksrc=category&trkid=multi-category","https://cdn.zivame.com/ik-seo/media/zcmsimages/configimages/FA1003-Pink/1_medium/floret-double-layered-wirefree-super-support-bra-pink.jpg?t=1554121839","https://www.zivame.com/floret-double-layered-wirefree-super-support-bra-pink.html?trksrc=category&trkid=multi-category","Floret Double Layered Wirefree Super Support Bra - Pink","₹389","2335 people favorited this","4.3","(32)","https://www.zivame.com/floret-double-layered-wirefree-super-support-bra-pink.html?trksrc=category&trkid=multi-category","Reviews"
"https://www.zivame.com/floret-padded-non-wired-3-4th-coverage-t-shirt-bra-wine.html?productId=681419&trksrc=category&trkid=multi-category","https://cdn.zivame.com/ik-seo/media/zcmsimages/configimages/FA1038-Wine/1_medium/floret-padded-non-wired-3-4th-coverage-t-shirt-bra-wine.jpg?t=1667549883","https://www.zivame.com/floret-padded-non-wired-3-4th-coverage-t-shirt-bra-wine.html?trksrc=category&trkid=multi-category","Floret Padded Non Wired 3/4Th Coverage T-Shirt Bra - Wine","₹399","64 people favorited this","","","",""
"https://www.zivame.com/floret-double-layered-non-wired-full-coverage-super-support-bra-iceberg-merlot.html?productId=605365&trksrc=category&trkid=multi-category","https://cdn.zivame.com/ik-seo/media/zcmsimages/configimages/FA1104-Iceberg%20Merlot/1_medium/floret-double-layered-non-wired-full-coverage-super-support-bra-iceberg-merlot.jpg?t=1660027232","https://www.zivame.com/floret-double-layered-non-wired-full-coverage-super-support-bra-iceberg-merlot.html?trksrc=category&trkid=multi-category","Floret Double Layered Non Wired Full Coverage Super Support Bra - Iceberg Merlot","₹898","17 people favorited this","","","",""
"https://www.zivame.com/floret-double-layered-wirefree-natural-lift-t-shirt-bra-magenta.html?productId=241316&trksrc=category&trkid=multi-category","https://cdn.zivame.com/ik-seo/media/zcmsimages/configimages/FA1006-Magenta/1_medium/floret-double-layered-wirefree-natural-lift-t-shirt-bra-magenta.jpg?t=1554119147","https://www.zivame.com/floret-double-layered-wirefree-natural-lift-t-shirt-bra-magenta.html?trksrc=category&trkid=multi-category","Floret Double Layered Wirefree Natural Lift T-Shirt Bra - Magenta","₹339","3094 people favorited this","4.5","(43)","https://www.zivame.com/floret-double-layered-wirefree-natural-lift-t-shirt-bra-magenta.html?trksrc=category&trkid=multi-category","Reviews"
"https://www.zivame.com/floret-padded-non-wired-t-shirt-regular-cotton-bra-wine.html?productId=304316&trksrc=category&trkid=multi-category","https://cdn.zivame.com/ik-seo/media/zcmsimages/configimages/FA1030-Wine/1_medium/floret-padded-non-wired-t-shirt-regular-cotton-bra-wine.JPG?t=1616049746","https://www.zivame.com/floret-padded-non-wired-t-shirt-regular-cotton-bra-wine.html?trksrc=category&trkid=multi-category","Floret Padded Non-Wired 3/4Th Coverage T-Shirt Bra - Wine","₹399","280 people favorited this","","","",""
"https://www.zivame.com/floret-double-layered-non-wired-full-coverage-minimiser-bra-cool-grey1.html?productId=681399&trksrc=category&trkid=multi-category","https://cdn.zivame.com/ik-seo/media/zcmsimages/configimages/FA1017-Cool%20Grey1/1_medium/floret-double-layered-non-wired-full-coverage-minimiser-bra-cool-grey1.jpg?t=1667549674","https://www.zivame.com/floret-double-layered-non-wired-full-coverage-minimiser-bra-cool-grey1.html?trksrc=category&trkid=multi-category","Floret Double Layered Non Wired Full Coverage Minimiser Bra - Cool Grey1","₹449","56 people favorited this","","","",""
"https://www.zivame.com/floret-double-layered-non-wired-full-coverage-minimiser-bra-pink.html?productId=681413&trksrc=category&trkid=multi-category","https://cdn.zivame.com/ik-seo/media/zcmsimages/configimages/FA1017-Pink/1_medium/floret-double-layered-non-wired-full-coverage-minimiser-bra-pink.JPG?t=1667549719","https://www.zivame.com/floret-double-layered-non-wired-full-coverage-minimiser-bra-pink.html?trksrc=category&trkid=multi-category","Floret Double Layered Non Wired Full Coverage Minimiser Bra - Pink","₹449","45 people favorited this","","","",""
"https://www.zivame.com/floret-medium-impact-non-padded-slip-on-sports-bra-skin-645.html?productId=472582&trksrc=category&trkid=multi-category","https://cdn.zivame.com/ik-seo/media/zcmsimages/configimages/FA4002-Skin/1_medium/floret-medium-impact-non-padded-slip-on-sports-bra-skin-645.JPG?t=1646399867","https://www.zivame.com/floret-medium-impact-non-padded-slip-on-sports-bra-skin-645.html?trksrc=category&trkid=multi-category","Floret Medium Impact Slip On Sports Bra - Skin","₹249","331 people favorited this","2.0","(1)","https://www.zivame.com/floret-medium-impact-non-padded-slip-on-sports-bra-skin-645.html?trksrc=category&trkid=multi-category","Reviews"
"https://www.zivame.com/floret-double-layered-wirefree-super-support-bra-white.html?productId=241298&trksrc=category&trkid=multi-category","https://cdn.zivame.com/ik-seo/media/zcmsimages/configimages/FA1003-White/1_medium/floret-double-layered-wirefree-super-support-bra-white.jpg?t=1554121850","https://www.zivame.com/floret-double-layered-wirefree-super-support-bra-white.html?trksrc=category&trkid=multi-category","Floret Double Layered Wirefree Super Support Bra - White","₹389","3466 people favorited this","4.2","(37)","https://www.zivame.com/floret-double-layered-wirefree-super-support-bra-white.html?trksrc=category&trkid=multi-category","Reviews"
"https://www.zivame.com/floret-double-layered-non-wired-full-coverage-minimiser-bra-iceberg.html?productId=681408&trksrc=category&trkid=multi-category","https://cdn.zivame.com/ik-seo/media/zcmsimages/configimages/FA1017-Iceberg/1_medium/floret-double-layered-non-wired-full-coverage-minimiser-bra-iceberg.jpg?t=1667549685","https://www.zivame.com/floret-double-layered-non-wired-full-coverage-minimiser-bra-iceberg.html?trksrc=category&trkid=multi-category","Floret Double Layered Non Wired Full Coverage Minimiser Bra - Iceberg","₹449","134 people favorited this","","","",""
"https://www.zivame.com/floret-double-layered-non-wired-full-coverage-minimiser-bra-nude1.html?productId=681401&trksrc=category&trkid=multi-category","https://cdn.zivame.com/ik-seo/media/zcmsimages/configimages/FA1017-Nude1/1_medium/floret-double-layered-non-wired-full-coverage-minimiser-bra-nude1.jpg?t=1667549713","https://www.zivame.com/floret-double-layered-non-wired-full-coverage-minimiser-bra-nude1.html?trksrc=category&trkid=multi-category","Floret Double Layered Non Wired Full Coverage Minimiser Bra - Nude1","₹449","161 people favorited this","","","",""
"https://www.zivame.com/floret-double-layered-wirefree-minimiser-bra-nude.html?productId=256102&trksrc=category&trkid=multi-category","https://cdn.zivame.com/ik-seo/media/zcmsimages/configimages/FA1024-Nude/1_medium/floret-double-layered-wirefree-minimiser-bra-nude.jpg?t=1565273727","https://www.zivame.com/floret-double-layered-wirefree-minimiser-bra-nude.html?trksrc=category&trkid=multi-category","Floret Double Layered Wirefree Minimiser Bra - Nude","₹389","1317 people favorited this","4.4","(15)","https://www.zivame.com/floret-double-layered-wirefree-minimiser-bra-nude.html?trksrc=category&trkid=multi-category","Reviews"
"https://www.zivame.com/floret-double-layered-wirefree-natural-lift-minimiser-bra-magenta.html?productId=296673&trksrc=category&trkid=multi-category","https://cdn.zivame.com/media/zcmsimages/configimages/FA1017-Magenta/1_medium.JPG?t=1613461803","https://www.zivame.com/floret-double-layered-wirefree-natural-lift-minimiser-bra-magenta.html?trksrc=category&trkid=multi-category","Floret Double Layered Wirefree Natural Lift Minimiser Bra - Magenta","₹469","1851 people favorited this","4.1","(12)","https://www.zivame.com/floret-double-layered-wirefree-natural-lift-minimiser-bra-magenta.html?trksrc=category&trkid=multi-category","Reviews"
"https://www.zivame.com/floret-double-layered-wirefree-super-support-bra-magenta.html?productId=241302&trksrc=category&trkid=multi-category","https://cdn.zivame.com/media/zcmsimages/configimages/FA1003-Magenta/1_medium.jpg?t=1554121833","https://www.zivame.com/floret-double-layered-wirefree-super-support-bra-magenta.html?trksrc=category&trkid=multi-category","Floret Double Layered Wirefree Super Support Bra - Magenta","₹389","3311 people favorited this","4.1","(44)","https://www.zivame.com/floret-double-layered-wirefree-super-support-bra-magenta.html?trksrc=category&trkid=multi-category","Reviews"
"https://www.zivame.com/floret-extra-soft-cups-wirefree-natural-lift-push-up-bra-nude.html?productId=241333&trksrc=category&trkid=multi-category","https://cdn.zivame.com/media/zcmsimages/configimages/FA1013-Nude/1_medium.jpg?t=1565183725","https://www.zivame.com/floret-extra-soft-cups-wirefree-natural-lift-push-up-bra-nude.html?trksrc=category&trkid=multi-category","Floret Extra Soft Cups Wirefree Natural Lift Push Up Bra - Nude","₹479","3475 people favorited this","4.5","(15)","https://www.zivame.com/floret-extra-soft-cups-wirefree-natural-lift-push-up-bra-nude.html?trksrc=category&trkid=multi-category","Reviews"
"https://www.zivame.com/floret-push-up-non-wired-t-shirt-regular-cotton-bra-skin.html?productId=304357&trksrc=category&trkid=multi-category","https://cdn.zivame.com/media/zcmsimages/configimages/FA1038-Skin/1_medium.JPG?t=1616049131","https://www.zivame.com/floret-push-up-non-wired-t-shirt-regular-cotton-bra-skin.html?trksrc=category&trkid=multi-category","Floret Padded Non-Wired 3/4Th Coverage T-Shirt Bra - Skin","₹339","832 people favorited this","4.0","(5)","https://www.zivame.com/floret-push-up-non-wired-t-shirt-regular-cotton-bra-skin.html?trksrc=category&trkid=multi-category","Reviews"
"https://www.zivame.com/floret-double-layered-wirefree-minimiser-bra-nude-1.html?productId=256105&trksrc=category&trkid=multi-category","https://cdn.zivame.com/media/zcmsimages/configimages/FA1021-Nude/1_medium.jpg?t=1565273705","https://www.zivame.com/floret-double-layered-wirefree-minimiser-bra-nude-1.html?trksrc=category&trkid=multi-category","Floret Double Layered Wirefree Minimiser Bra - Nude","₹329","783 people favorited this","5.0","(1)","https://www.zivame.com/floret-double-layered-wirefree-minimiser-bra-nude-1.html?trksrc=category&trkid=multi-category","Reviews"
"https://www.zivame.com/floret-extra-soft-cups-wirefree-natural-lift-push-up-bra-rose.html?productId=241332&trksrc=category&trkid=multi-category","https://cdn.zivame.com/media/zcmsimages/configimages/FA1013-Rose/1_medium.jpg?t=1565183731","https://www.zivame.com/floret-extra-soft-cups-wirefree-natural-lift-push-up-bra-rose.html?trksrc=category&trkid=multi-category","Floret Extra Soft Cups Wirefree Natural Lift Push Up Bra - Rose","₹479","3345 people favorited this","4.2","(23)","https://www.zivame.com/floret-extra-soft-cups-wirefree-natural-lift-push-up-bra-rose.html?trksrc=category&trkid=multi-category","Reviews"
"https://www.zivame.com/floret-double-layered-wirefree-natural-lift-minimiser-bra-white.html?productId=241337&trksrc=category&trkid=multi-category","https://cdn.zivame.com/media/zcmsimages/configimages/FA1017-White/1_medium.jpg?t=1554120948","https://www.zivame.com/floret-double-layered-wirefree-natural-lift-minimiser-bra-white.html?trksrc=category&trkid=multi-category","Floret Double Layered Wirefree Natural Lift Minimiser Bra - White","₹449","5774 people favorited this","4.4","(50)","https://www.zivame.com/floret-double-layered-wirefree-natural-lift-minimiser-bra-white.html?trksrc=category&trkid=multi-category","Reviews"
"https://www.zivame.com/floret-non-padded-non-wired-minimiser-regular-cotton-bra-black.html?productId=304320&trksrc=category&trkid=multi-category","https://cdn.zivame.com/media/zcmsimages/configimages/FA1037-Black/1_medium.jpg?t=1625643603","https://www.zivame.com/floret-non-padded-non-wired-minimiser-regular-cotton-bra-black.html?trksrc=category&trkid=multi-category","Floret Double Layered Non-Wired Full Coverage Minimiser Bra - Black","₹349","2236 people favorited this","4.6","(9)","https://www.zivame.com/floret-non-padded-non-wired-minimiser-regular-cotton-bra-black.html?trksrc=category&trkid=multi-category","Reviews"
"https://www.zivame.com/floret-non-padded-non-wired-minimiser-regular-cotton-bra-skin.html?productId=304324&trksrc=category&trkid=multi-category","https://cdn.zivame.com/media/zcmsimages/configimages/FA1037-Skin/1_medium.jpg?t=1626327602","https://www.zivame.com/floret-non-padded-non-wired-minimiser-regular-cotton-bra-skin.html?trksrc=category&trkid=multi-category","Floret Double Layered Non-Wired Full Coverage Minimiser Bra - Skin","₹349","1667 people favorited this","4.2","(13)","https://www.zivame.com/floret-non-padded-non-wired-minimiser-regular-cotton-bra-skin.html?trksrc=category&trkid=multi-category","Reviews"
"https://www.zivame.com/floret-wirefere-natural-lift-3-4th-coverage-t-shirt-bra-olive.html?productId=241273&trksrc=category&trkid=multi-category","https://cdn.zivame.com/media/zcmsimages/configimages/FA1005-Olive/1_medium.jpg?t=1554119123","https://www.zivame.com/floret-wirefere-natural-lift-3-4th-coverage-t-shirt-bra-olive.html?trksrc=category&trkid=multi-category","Floret Wirefree Natural Lift 3/4th Coverage Lace Bra - Olive","₹429","413 people favorited this","4.0","(2)","https://www.zivame.com/floret-wirefere-natural-lift-3-4th-coverage-t-shirt-bra-olive.html?trksrc=category&trkid=multi-category","Reviews"
"https://www.zivame.com/floret-extra-soft-cups-wirefree-natural-lift-push-up-bra-red.html?productId=241335&trksrc=category&trkid=multi-category","https://cdn.zivame.com/media/zcmsimages/configimages/FA1013-Red/1_medium.jpg?t=1565183728","https://www.zivame.com/floret-extra-soft-cups-wirefree-natural-lift-push-up-bra-red.html?trksrc=category&trkid=multi-category","Floret Extra Soft Cups Wirefree Natural Lift Push Up Bra - Red","₹479","1401 people favorited this","4.8","(6)","https://www.zivame.com/floret-extra-soft-cups-wirefree-natural-lift-push-up-bra-red.html?trksrc=category&trkid=multi-category","Reviews"
"https://www.zivame.com/floret-double-layered-wirefree-super-support-bra-black.html?productId=241300&trksrc=category&trkid=multi-category","https://cdn.zivame.com/media/zcmsimages/configimages/FA1003-Black/1_medium.jpg?t=1554121831","https://www.zivame.com/floret-double-layered-wirefree-super-support-bra-black.html?trksrc=category&trkid=multi-category","Floret Double Layered Wirefree Super Support Bra - Black","₹389","3315 people favorited this","4.2","(36)","https://www.zivame.com/floret-double-layered-wirefree-super-support-bra-black.html?trksrc=category&trkid=multi-category","Reviews"
"https://www.zivame.com/floret-padded-non-wired-full-coverage-push-up-bra-cool-grey.html?productId=681398&trksrc=category&trkid=multi-category","https://cdn.zivame.com/media/zcmsimages/configimages/FA1011-Cool%20Grey/1_medium.jpg?t=1667549755","https://www.zivame.com/floret-padded-non-wired-full-coverage-push-up-bra-cool-grey.html?trksrc=category&trkid=multi-category","Floret Padded Non Wired Full Coverage Push-Up Bra - Cool Grey","₹529","68 people favorited this","","","",""
"https://www.zivame.com/floret-double-layered-wirefree-super-support-bra-red.html?productId=241301&trksrc=category&trkid=multi-category","https://cdn.zivame.com/media/zcmsimages/configimages/FA1003-Red/1_medium.jpg?t=1554121841","https://www.zivame.com/floret-double-layered-wirefree-super-support-bra-red.html?trksrc=category&trkid=multi-category","Floret Double Layered Wirefree Super Support Bra - Red","₹389","2719 people favorited this","4.5","(35)","https://www.zivame.com/floret-double-layered-wirefree-super-support-bra-red.html?trksrc=category&trkid=multi-category","Reviews"
"https://www.zivame.com/floret-double-layered-wirefree-super-support-bra-tomato.html?productId=292383&trksrc=category&trkid=multi-category","https://cdn.zivame.com/media/zcmsimages/configimages/FA1003-Tomato/1_medium.JPG?t=1609908608","https://www.zivame.com/floret-double-layered-wirefree-super-support-bra-tomato.html?trksrc=category&trkid=multi-category","Floret Double Layered Non-Wired Full Coverage Super Support Bra - Tomato","₹329","729 people favorited this","4.5","(11)","https://www.zivame.com/floret-double-layered-wirefree-super-support-bra-tomato.html?trksrc=category&trkid=multi-category","Reviews"
"https://www.zivame.com/floret-medium-impact-non-padded-slip-on-sports-bra-navy-blue-329.html?productId=472605&trksrc=category&trkid=multi-category","https://cdn.zivame.com/media/zcmsimages/configimages/FA4004-Nblue/1_medium.jpg?t=1646399992","https://www.zivame.com/floret-medium-impact-non-padded-slip-on-sports-bra-navy-blue-329.html?trksrc=category&trkid=multi-category","Floret Medium Impact Seamless Sports Bra - Navy Blue","₹219","803 people favorited this","4.7","(3)","https://www.zivame.com/floret-medium-impact-non-padded-slip-on-sports-bra-navy-blue-329.html?trksrc=category&trkid=multi-category","Reviews"
"https://www.zivame.com/floret-extra-soft-cups-wirefree-natural-lift-push-up-bra-blue.html?productId=241331&trksrc=category&trkid=multi-category","https://cdn.zivame.com/media/zcmsimages/configimages/FA1013-Blue/1_medium.jpg?t=1565183719","https://www.zivame.com/floret-extra-soft-cups-wirefree-natural-lift-push-up-bra-blue.html?trksrc=category&trkid=multi-category","Floret Extra Soft Cups Wirefree Natural Lift Push Up Bra - Blue","₹479","1345 people favorited this","3.8","(6)","https://www.zivame.com/floret-extra-soft-cups-wirefree-natural-lift-push-up-bra-blue.html?trksrc=category&trkid=multi-category","Reviews"
"https://www.zivame.com/floret-natural-lift-wirefere-lace-t-shirt-bra-black.html?productId=241255&trksrc=category&trkid=multi-category","https://cdn.zivame.com/media/zcmsimages/configimages/FA1002-Black/1_medium.jpg?t=1554121813","https://www.zivame.com/floret-natural-lift-wirefere-lace-t-shirt-bra-black.html?trksrc=category&trkid=multi-category","Floret Natural Lift Wirefree Lace Bra - Black","₹379","5007 people favorited this","4.4","(21)","https://www.zivame.com/floret-natural-lift-wirefere-lace-t-shirt-bra-black.html?trksrc=category&trkid=multi-category","Reviews"
"https://www.zivame.com/floret-wirefere-natural-lift-push-up-bra-black.html?productId=241243&trksrc=category&trkid=multi-category","https://cdn.zivame.com/media/zcmsimages/configimages/FA1011-Black/1_medium.jpg?t=1565183702","https://www.zivame.com/floret-wirefere-natural-lift-push-up-bra-black.html?trksrc=category&trkid=multi-category","Floret Wirefree Natural Lift Push up Bra - Black","₹529","3078 people favorited this","4.7","(27)","https://www.zivame.com/floret-wirefere-natural-lift-push-up-bra-black.html?trksrc=category&trkid=multi-category","Reviews"
"https://www.zivame.com/floret-non-padded-non-wired-minimiser-regular-cotton-bra-navy.html?productId=304322&trksrc=category&trkid=multi-category","https://cdn.zivame.com/media/zcmsimages/configimages/FA1037-Navy/1_medium.JPG?t=1616049066","https://www.zivame.com/floret-non-padded-non-wired-minimiser-regular-cotton-bra-navy.html?trksrc=category&trkid=multi-category","Floret Double Layered Non-Wired Full Coverage Minimiser Bra - Navy","₹349","1611 people favorited this","4.2","(20)","https://www.zivame.com/floret-non-padded-non-wired-minimiser-regular-cotton-bra-navy.html?trksrc=category&trkid=multi-category","Reviews"
"https://www.zivame.com/floret-double-layered-non-wired-full-coverage-minimiser-bra-robin-blue.html?productId=681411&trksrc=category&trkid=multi-category","https://cdn.zivame.com/media/zcmsimages/configimages/FA1017-Robin%20Blue/1_medium.jpg?t=1667549763","https://www.zivame.com/floret-double-layered-non-wired-full-coverage-minimiser-bra-robin-blue.html?trksrc=category&trkid=multi-category","Floret Double Layered Non Wired Full Coverage Minimiser Bra - Robin Blue","₹449","68 people favorited this","","","",""
"https://www.zivame.com/floret-double-layered-wirefree-super-support-bra-skin.html?productId=241299&trksrc=category&trkid=multi-category","https://cdn.zivame.com/media/zcmsimages/configimages/FA1003-Skin/1_medium.jpg?t=1554121847","https://www.zivame.com/floret-double-layered-wirefree-super-support-bra-skin.html?trksrc=category&trkid=multi-category","Floret Double Layered Wirefree Super Support Bra - Skin","₹389","3148 people favorited this","4.2","(34)","https://www.zivame.com/floret-double-layered-wirefree-super-support-bra-skin.html?trksrc=category&trkid=multi-category","Reviews"
"https://www.zivame.com/floret-double-layered-wirefree-natural-lift-minimiser-bra-toamto-red.html?productId=241340&trksrc=category&trkid=multi-category","https://cdn.zivame.com/media/zcmsimages/configimages/FA1017-Tomato/1_medium.jpg?t=1615881624","https://www.zivame.com/floret-double-layered-wirefree-natural-lift-minimiser-bra-toamto-red.html?trksrc=category&trkid=multi-category","Floret Double Layered Wirefree Natural Lift Minimiser Bra - Tomato Red","₹449","6543 people favorited this","4.3","(79)","https://www.zivame.com/floret-double-layered-wirefree-natural-lift-minimiser-bra-toamto-red.html?trksrc=category&trkid=multi-category","Reviews"
"https://www.zivame.com/floret-double-layered-wirefree-super-support-bra-navy-blue.html?productId=292382&trksrc=category&trkid=multi-category","https://cdn.zivame.com/media/zcmsimages/configimages/FA1003-Navy%20Blue/1_medium.JPG?t=1609908602","https://www.zivame.com/floret-double-layered-wirefree-super-support-bra-navy-blue.html?trksrc=category&trkid=multi-category","Floret Double Layered Non-Wired Full Coverage Super Support Bra - Navy Blue","₹329","783 people favorited this","4.2","(9)","https://www.zivame.com/floret-double-layered-wirefree-super-support-bra-navy-blue.html?trksrc=category&trkid=multi-category","Reviews"
"https://www.zivame.com/floret-double-layered-wirefree-natural-lift-minimiser-bra-black.html?productId=241339&trksrc=category&trkid=multi-category","https://cdn.zivame.com/media/zcmsimages/configimages/FA1017-Black/1_medium.jpg?t=1554120936","https://www.zivame.com/floret-double-layered-wirefree-natural-lift-minimiser-bra-black.html?trksrc=category&trkid=multi-category","Floret Double Layered Wirefree Natural Lift Minimiser Bra - Black","₹449","7086 people favorited this","4.5","(51)","https://www.zivame.com/floret-double-layered-wirefree-natural-lift-minimiser-bra-black.html?trksrc=category&trkid=multi-category","Reviews"
"https://www.zivame.com/floret-double-layered-wirefree-natural-lift-minimiser-bra-skin.html?productId=241338&trksrc=category&trkid=multi-category","https://cdn.zivame.com/media/zcmsimages/configimages/FA1017-Skin/1_medium.jpg?t=1554120943","https://www.zivame.com/floret-double-layered-wirefree-natural-lift-minimiser-bra-skin.html?trksrc=category&trkid=multi-category","Floret Double Layered Wirefree Natural Lift Minimiser Bra - Skin","₹449","5959 people favorited this","4.6","(77)","https://www.zivame.com/floret-double-layered-wirefree-natural-lift-minimiser-bra-skin.html?trksrc=category&trkid=multi-category","Reviews"
"https://www.zivame.com/floret-double-layered-wirefree-natural-lift-nursing-bra-black-1.html?productId=241329&trksrc=category&trkid=multi-category","https://cdn.zivame.com/media/zcmsimages/configimages/FA1013-Black/1_medium.jpg?t=1565183716","https://www.zivame.com/floret-double-layered-wirefree-natural-lift-nursing-bra-black-1.html?trksrc=category&trkid=multi-category","Floret Double Layered Wirefree Natural Lift Nursing Bra - Black","₹479","2589 people favorited this","3.7","(6)","https://www.zivame.com/floret-double-layered-wirefree-natural-lift-nursing-bra-black-1.html?trksrc=category&trkid=multi-category","Reviews"
"https://www.zivame.com/floret-extra-soft-cups-wirefree-natural-lift-push-up-bra-skin.html?productId=241336&trksrc=category&trkid=multi-category","https://cdn.zivame.com/media/zcmsimages/configimages/FA1013-Skin/1_medium.jpg?t=1565183734","https://www.zivame.com/floret-extra-soft-cups-wirefree-natural-lift-push-up-bra-skin.html?trksrc=category&trkid=multi-category","Floret Extra Soft Cups Wirefree Natural Lift Push Up Bra - Skin","₹479","2951 people favorited this","4.7","(17)","https://www.zivame.com/floret-extra-soft-cups-wirefree-natural-lift-push-up-bra-skin.html?trksrc=category&trkid=multi-category","Reviews"
"https://www.zivame.com/floret-double-layered-wirefree-super-support-bra-nude.html?productId=241303&trksrc=category&trkid=multi-category","https://cdn.zivame.com/media/zcmsimages/configimages/FA1003-Nude/1_medium.jpg?t=1554121836","https://www.zivame.com/floret-double-layered-wirefree-super-support-bra-nude.html?trksrc=category&trkid=multi-category","Floret Double Layered Wirefree Super Support Bra - Nude","₹389","4024 people favorited this","4.5","(60)","https://www.zivame.com/floret-double-layered-wirefree-super-support-bra-nude.html?trksrc=category&trkid=multi-category","Reviews"
"https://www.zivame.com/floret-extra-soft-cups-wirefree-natural-lift-push-up-bra-wine.html?productId=241330&trksrc=category&trkid=multi-category","https://cdn.zivame.com/media/zcmsimages/configimages/FA1013-Wine/1_medium.jpg?t=1565183736","https://www.zivame.com/floret-extra-soft-cups-wirefree-natural-lift-push-up-bra-wine.html?trksrc=category&trkid=multi-category","Floret Extra Soft Cups Wirefree Natural Lift Push Up Bra - Wine","₹479","2846 people favorited this","4.0","(15)","https://www.zivame.com/floret-extra-soft-cups-wirefree-natural-lift-push-up-bra-wine.html?trksrc=category&trkid=multi-category","Reviews"
"https://www.zivame.com/floret-double-layered-wirefree-super-support-bra-royal-blue.html?productId=241304&trksrc=category&trkid=multi-category","https://cdn.zivame.com/media/zcmsimages/configimages/FA1003-Royal%20Blue/1_medium.jpg?t=1554121844","https://www.zivame.com/floret-double-layered-wirefree-super-support-bra-royal-blue.html?trksrc=category&trkid=multi-category","Floret Double Layered Wirefree Super Support Bra - Royal Blue","₹389","1574 people favorited this","4.9","(18)","https://www.zivame.com/floret-double-layered-wirefree-super-support-bra-royal-blue.html?trksrc=category&trkid=multi-category","Reviews"
"https://www.zivame.com/floret-double-layered-non-wired-full-coverage-minimiser-bra-royal-blue1.html?productId=681405&trksrc=category&trkid=multi-category","https://cdn.zivame.com/media/zcmsimages/configimages/FA1017-Royal%20Blue1/1_medium.jpg?t=1667549775","https://www.zivame.com/floret-double-layered-non-wired-full-coverage-minimiser-bra-royal-blue1.html?trksrc=category&trkid=multi-category","Floret Double Layered Non Wired Full Coverage Minimiser Bra - Royal Blue1","₹449","46 people favorited this","","","",""
"https://www.zivame.com/floret-medium-impact-non-padded-slip-on-sports-bra-black-497.html?productId=472571&trksrc=category&trkid=multi-category","https://cdn.zivame.com/media/mimages/rb/solid-loader.gif","https://www.zivame.com/floret-medium-impact-non-padded-slip-on-sports-bra-black-497.html?trksrc=category&trkid=multi-category","Floret Medium Impact Seamless Sports Bra - Black","₹279","261 people favorited this","4.0","(2)","https://www.zivame.com/floret-medium-impact-non-padded-slip-on-sports-bra-black-497.html?trksrc=category&trkid=multi-category","Reviews"
"https://www.zivame.com/floret-push-up-non-wired-t-shirt-regular-cotton-bra-magenta-1.html?productId=304359&trksrc=category&trkid=multi-category","https://cdn.zivame.com/media/mimages/rb/solid-loader.gif","https://www.zivame.com/floret-push-up-non-wired-t-shirt-regular-cotton-bra-magenta-1.html?trksrc=category&trkid=multi-category","Floret Padded Non-Wired 3/4Th Coverage Push-Up Bra - Magenta","₹499","491 people favorited this","","","",""
"https://www.zivame.com/floret-double-layered-non-wired-full-coverage-minimiser-bra-china-rose.html?productId=681406&trksrc=category&trkid=multi-category","https://cdn.zivame.com/media/mimages/rb/solid-loader.gif","https://www.zivame.com/floret-double-layered-non-wired-full-coverage-minimiser-bra-china-rose.html?trksrc=category&trkid=multi-category","Floret Double Layered Non Wired Full Coverage Minimiser Bra - China Rose","₹449","25 people favorited this","","","",""
"https://www.zivame.com/floret-double-layered-non-wired-full-coverage-minimiser-bra-dcyan.html?productId=681407&trksrc=category&trkid=multi-category","https://cdn.zivame.com/media/mimages/rb/solid-loader.gif","https://www.zivame.com/floret-double-layered-non-wired-full-coverage-minimiser-bra-dcyan.html?trksrc=category&trkid=multi-category","Floret Double Layered Non Wired Full Coverage Minimiser Bra - Dcyan","₹449","24 people favorited this","","","",""
"https://www.zivame.com/floret-double-layered-wirefree-natural-lift-minimiser-bra-cool-grey.html?productId=292387&trksrc=category&trkid=multi-category","https://cdn.zivame.com/media/mimages/rb/solid-loader.gif","https://www.zivame.com/floret-double-layered-wirefree-natural-lift-minimiser-bra-cool-grey.html?trksrc=category&trkid=multi-category","Floret Double Layered Non-Wired Full Coverage Minimiser Bra - Cool Grey","₹389","1689 people favorited this","4.1","(14)","https://www.zivame.com/floret-double-layered-wirefree-natural-lift-minimiser-bra-cool-grey.html?trksrc=category&trkid=multi-category","Reviews"
"https://www.zivame.com/floret-double-layered-wirefree-natural-lift-minimiser-bra-nude.html?productId=292389&trksrc=category&trkid=multi-category","https://cdn.zivame.com/media/mimages/rb/solid-loader.gif","https://www.zivame.com/floret-double-layered-wirefree-natural-lift-minimiser-bra-nude.html?trksrc=category&trkid=multi-category","Floret Double Layered Non-Wired Full Coverage Minimiser Bra - Nude","₹389","2547 people favorited this","4.8","(19)","https://www.zivame.com/floret-double-layered-wirefree-natural-lift-minimiser-bra-nude.html?trksrc=category&trkid=multi-category","Reviews"
"https://www.zivame.com/floret-double-layered-non-wired-full-coverage-minimiser-bra-rose1.html?productId=681404&trksrc=category&trkid=multi-category","https://cdn.zivame.com/media/mimages/rb/solid-loader.gif","https://www.zivame.com/floret-double-layered-non-wired-full-coverage-minimiser-bra-rose1.html?trksrc=category&trkid=multi-category","Floret Double Layered Non Wired Full Coverage Minimiser Bra - Rose1","₹449","29 people favorited this","5.0","(1)","https://www.zivame.com/floret-double-layered-non-wired-full-coverage-minimiser-bra-rose1.html?trksrc=category&trkid=multi-category","Reviews"
"https://www.zivame.com/floret-push-up-non-wired-t-shirt-regular-cotton-bra-cool-grey.html?productId=304358&trksrc=category&trkid=multi-category","https://cdn.zivame.com/media/mimages/rb/solid-loader.gif","https://www.zivame.com/floret-push-up-non-wired-t-shirt-regular-cotton-bra-cool-grey.html?trksrc=category&trkid=multi-category","Floret Padded Non-Wired 3/4Th Coverage Push-Up Bra - Cool Grey","₹499","559 people favorited this","5.0","(2)","https://www.zivame.com/floret-push-up-non-wired-t-shirt-regular-cotton-bra-cool-grey.html?trksrc=category&trkid=multi-category","Reviews"
"https://www.zivame.com/floret-double-layered-wirefree-natural-lift-t-shirt-bra-black.html?productId=241309&trksrc=category&trkid=multi-category","https://cdn.zivame.com/media/mimages/rb/solid-loader.gif","https://www.zivame.com/floret-double-layered-wirefree-natural-lift-t-shirt-bra-black.html?trksrc=category&trkid=multi-category","Floret Double Layered Wirefree Natural Lift T-Shirt Bra - Black","₹339","3783 people favorited this","4.5","(39)","https://www.zivame.com/floret-double-layered-wirefree-natural-lift-t-shirt-bra-black.html?trksrc=category&trkid=multi-category","Reviews"
"https://www.zivame.com/floret-non-padded-non-wired-basic-regular-cotton-bra-skin.html?productId=304342&trksrc=category&trkid=multi-category","https://cdn.zivame.com/media/mimages/rb/solid-loader.gif","https://www.zivame.com/floret-non-padded-non-wired-basic-regular-cotton-bra-skin.html?trksrc=category&trkid=multi-category","Floret Double Layered Non-Wired Full Coverage Super Support Bra - Skin","₹309","243 people favorited this","5.0","(3)","https://www.zivame.com/floret-non-padded-non-wired-basic-regular-cotton-bra-skin.html?trksrc=category&trkid=multi-category","Reviews"
"https://www.zivame.com/floret-wirefree-natural-lift-3-4th-coverage-push-up-bra-royal-blue.html?productId=241280&trksrc=category&trkid=multi-category","https://cdn.zivame.com/media/mimages/rb/solid-loader.gif","https://www.zivame.com/floret-wirefree-natural-lift-3-4th-coverage-push-up-bra-royal-blue.html?trksrc=category&trkid=multi-category","Floret Wirefree Natural Lift 3/4th Coverage Push Up Bra - Royal Blue","₹479","169 people favorited this","","","",""
"https://www.zivame.com/floret-double-layered-wirefree-natural-lift-t-shirt-bra-white.html?productId=241307&trksrc=category&trkid=multi-category","https://cdn.zivame.com/media/mimages/rb/solid-loader.gif","https://www.zivame.com/floret-double-layered-wirefree-natural-lift-t-shirt-bra-white.html?trksrc=category&trkid=multi-category","Floret Double Layered Wirefree Natural Lift T-Shirt Bra - White","₹339","1762 people favorited this","4.6","(25)","https://www.zivame.com/floret-double-layered-wirefree-natural-lift-t-shirt-bra-white.html?trksrc=category&trkid=multi-category","Reviews"
"https://www.zivame.com/floret-double-layered-non-wired-3-4th-coverage-minimiser-bra-magenta.html?productId=681394&trksrc=category&trkid=multi-category","https://cdn.zivame.com/media/mimages/rb/solid-loader.gif","https://www.zivame.com/floret-double-layered-non-wired-3-4th-coverage-minimiser-bra-magenta.html?trksrc=category&trkid=multi-category","Floret Double Layered Non Wired 3/4Th Coverage Minimiser Bra - Magenta","₹329","26 people favorited this","","","",""
"https://www.zivame.com/floret-double-layered-wirefree-natural-lift-t-shirt-bra-china-rose.html?productId=241311&trksrc=category&trkid=multi-category","https://cdn.zivame.com/media/mimages/rb/solid-loader.gif","https://www.zivame.com/floret-double-layered-wirefree-natural-lift-t-shirt-bra-china-rose.html?trksrc=category&trkid=multi-category","Floret Double Layered Wirefree Natural Lift T-Shirt Bra - China Rose","₹339","1588 people favorited this","4.3","(23)","https://www.zivame.com/floret-double-layered-wirefree-natural-lift-t-shirt-bra-china-rose.html?trksrc=category&trkid=multi-category","Reviews"
"https://www.zivame.com/floret-double-layered-non-wired-full-coverage-minimiser-bra-marigold.html?productId=681412&trksrc=category&trkid=multi-category","https://cdn.zivame.com/media/mimages/rb/solid-loader.gif","https://www.zivame.com/floret-double-layered-non-wired-full-coverage-minimiser-bra-marigold.html?trksrc=category&trkid=multi-category","Floret Double Layered Non Wired Full Coverage Minimiser Bra - Marigold","₹449","44 people favorited this","","","",""
"https://www.zivame.com/floret-medium-impact-non-padded-slip-on-sports-bra-rose-668.html?productId=472607&trksrc=category&trkid=multi-category","https://cdn.zivame.com/media/mimages/rb/solid-loader.gif","https://www.zivame.com/floret-medium-impact-non-padded-slip-on-sports-bra-rose-668.html?trksrc=category&trkid=multi-category","Floret Medium Impact Seamless Sports Bra - Rose","₹219","417 people favorited this","4.0","(3)","https://www.zivame.com/floret-medium-impact-non-padded-slip-on-sports-bra-rose-668.html?trksrc=category&trkid=multi-category","Reviews"
"https://www.zivame.com/floret-medium-impact-non-padded-slip-on-sports-bra-black-495.html?productId=472583&trksrc=category&trkid=multi-category","https://cdn.zivame.com/media/mimages/rb/solid-loader.gif","https://www.zivame.com/floret-medium-impact-non-padded-slip-on-sports-bra-black-495.html?trksrc=category&trkid=multi-category","Floret Medium Impact Slip On Sports Bra - Black","₹249","429 people favorited this","5.0","(3)","https://www.zivame.com/floret-medium-impact-non-padded-slip-on-sports-bra-black-495.html?trksrc=category&trkid=multi-category","Reviews"
"https://www.zivame.com/floret-double-layered-non-wired-full-coverage-minimiser-bra-magenta1.html?productId=681400&trksrc=category&trkid=multi-category","https://cdn.zivame.com/media/mimages/rb/solid-loader.gif","https://www.zivame.com/floret-double-layered-non-wired-full-coverage-minimiser-bra-magenta1.html?trksrc=category&trkid=multi-category","Floret Double Layered Non Wired Full Coverage Minimiser Bra - Magenta1","₹449","55 people favorited this","","","",""
"https://www.zivame.com/floret-medium-impact-non-padded-slip-on-sports-bra-sky-248.html?productId=472610&trksrc=category&trkid=multi-category","https://cdn.zivame.com/media/mimages/rb/solid-loader.gif","https://www.zivame.com/floret-medium-impact-non-padded-slip-on-sports-bra-sky-248.html?trksrc=category&trkid=multi-category","Floret Medium Impact Seamless Sports Bra - Sky","₹219","664 people favorited this","4.2","(5)","https://www.zivame.com/floret-medium-impact-non-padded-slip-on-sports-bra-sky-248.html?trksrc=category&trkid=multi-category","Reviews"
"https://www.zivame.com/floret-non-padded-non-wired-basic-regular-cotton-bra-rose.html?productId=304338&trksrc=category&trkid=multi-category","https://cdn.zivame.com/media/mimages/rb/solid-loader.gif","https://www.zivame.com/floret-non-padded-non-wired-basic-regular-cotton-bra-rose.html?trksrc=category&trkid=multi-category","Floret Double Layered Non-Wired 3/4Th Coverage Super Support Bra - Rose","₹339","197 people favorited this","","","",""
"https://www.zivame.com/floret-double-layered-wirefree-natural-lift-minimiser-bra-navy.html?productId=241342&trksrc=category&trkid=multi-category","https://cdn.zivame.com/media/mimages/rb/solid-loader.gif","https://www.zivame.com/floret-double-layered-wirefree-natural-lift-minimiser-bra-navy.html?trksrc=category&trkid=multi-category","Floret Double Layered Wirefree Natural Lift Minimiser Bra - Navy","₹449","4114 people favorited this","4.6","(48)","https://www.zivame.com/floret-double-layered-wirefree-natural-lift-minimiser-bra-navy.html?trksrc=category&trkid=multi-category","Reviews"
"https://www.zivame.com/floret-medium-impact-non-padded-slip-on-sports-bra-tomato-751.html?productId=472609&trksrc=category&trkid=multi-category","https://cdn.zivame.com/media/mimages/rb/solid-loader.gif","https://www.zivame.com/floret-medium-impact-non-padded-slip-on-sports-bra-tomato-751.html?trksrc=category&trkid=multi-category","Floret Medium Impact Seamless Sports Bra - Tomato","₹219","575 people favorited this","4.8","(5)","https://www.zivame.com/floret-medium-impact-non-padded-slip-on-sports-bra-tomato-751.html?trksrc=category&trkid=multi-category","Reviews"
"https://www.zivame.com/floret-double-layered-wirefree-natural-lift-t-shirt-bra-lime-green.html?productId=241315&trksrc=category&trkid=multi-category","https://cdn.zivame.com/media/mimages/rb/solid-loader.gif","https://www.zivame.com/floret-double-layered-wirefree-natural-lift-t-shirt-bra-lime-green.html?trksrc=category&trkid=multi-category","Floret Double Layered Wirefree Natural Lift T-Shirt Bra - Lime Green","₹339","2939 people favorited this","4.4","(36)","https://www.zivame.com/floret-double-layered-wirefree-natural-lift-t-shirt-bra-lime-green.html?trksrc=category&trkid=multi-category","Reviews"
"https://www.zivame.com/floret-double-layered-non-wired-medium-coverage-t-shirt-bra-wine.html?productId=681423&trksrc=category&trkid=multi-category","https://cdn.zivame.com/media/mimages/rb/solid-loader.gif","https://www.zivame.com/floret-double-layered-non-wired-medium-coverage-t-shirt-bra-wine.html?trksrc=category&trkid=multi-category","Floret Double Layered Non Wired Medium Coverage T-Shirt Bra - Wine","₹279","72 people favorited this","","","",""
"https://www.zivame.com/floret-double-layered-wirefree-natural-lift-t-shirt-bra-black.html?productId=241309&trksrc=category&trkid=multi-category","https://cdn.zivame.com/media/zcmsimages/configimages/FA1006-Black/1_medium.jpg?t=1554210002","https://www.zivame.com/floret-double-layered-wirefree-natural-lift-t-shirt-bra-black.html?trksrc=category&trkid=multi-category","Floret Double Layered Wirefree Natural Lift T-Shirt Bra - Black","₹339","3783 people favorited this","4.5","(39)","https://www.zivame.com/floret-double-layered-wirefree-natural-lift-t-shirt-bra-black.html?trksrc=category&trkid=multi-category","Reviews"
"https://www.zivame.com/floret-non-padded-non-wired-basic-regular-cotton-bra-skin.html?productId=304342&trksrc=category&trkid=multi-category","https://cdn.zivame.com/media/zcmsimages/configimages/FA1026-Skin/1_medium.JPG?t=1616049668","https://www.zivame.com/floret-non-padded-non-wired-basic-regular-cotton-bra-skin.html?trksrc=category&trkid=multi-category","Floret Double Layered Non-Wired Full Coverage Super Support Bra - Skin","₹309","243 people favorited this","5.0","(3)","https://www.zivame.com/floret-non-padded-non-wired-basic-regular-cotton-bra-skin.html?trksrc=category&trkid=multi-category","Reviews"
"https://www.zivame.com/floret-wirefree-natural-lift-3-4th-coverage-push-up-bra-royal-blue.html?productId=241280&trksrc=category&trkid=multi-category","https://cdn.zivame.com/media/zcmsimages/configimages/FA1015-Royal%20Blue/1_medium.jpg?t=1565183751","https://www.zivame.com/floret-wirefree-natural-lift-3-4th-coverage-push-up-bra-royal-blue.html?trksrc=category&trkid=multi-category","Floret Wirefree Natural Lift 3/4th Coverage Push Up Bra - Royal Blue","₹479","169 people favorited this","","","",""
"https://www.zivame.com/floret-double-layered-wirefree-natural-lift-t-shirt-bra-white.html?productId=241307&trksrc=category&trkid=multi-category","https://cdn.zivame.com/media/zcmsimages/configimages/FA1006-White/1_medium.jpg?t=1554210010","https://www.zivame.com/floret-double-layered-wirefree-natural-lift-t-shirt-bra-white.html?trksrc=category&trkid=multi-category","Floret Double Layered Wirefree Natural Lift T-Shirt Bra - White","₹339","1762 people favorited this","4.6","(25)","https://www.zivame.com/floret-double-layered-wirefree-natural-lift-t-shirt-bra-white.html?trksrc=category&trkid=multi-category","Reviews"
"https://www.zivame.com/floret-double-layered-non-wired-3-4th-coverage-minimiser-bra-magenta.html?productId=681394&trksrc=category&trkid=multi-category","https://cdn.zivame.com/media/zcmsimages/configimages/FA1021-Magenta/1_medium.jpg?t=1667549709","https://www.zivame.com/floret-double-layered-non-wired-3-4th-coverage-minimiser-bra-magenta.html?trksrc=category&trkid=multi-category","Floret Double Layered Non Wired 3/4Th Coverage Minimiser Bra - Magenta","₹329","26 people favorited this","","","",""
"https://www.zivame.com/floret-double-layered-wirefree-natural-lift-t-shirt-bra-china-rose.html?productId=241311&trksrc=category&trkid=multi-category","https://cdn.zivame.com/media/zcmsimages/configimages/FA1006-China%20Rose/1_medium.jpg?t=1554119136","https://www.zivame.com/floret-double-layered-wirefree-natural-lift-t-shirt-bra-china-rose.html?trksrc=category&trkid=multi-category","Floret Double Layered Wirefree Natural Lift T-Shirt Bra - China Rose","₹339","1588 people favorited this","4.3","(23)","https://www.zivame.com/floret-double-layered-wirefree-natural-lift-t-shirt-bra-china-rose.html?trksrc=category&trkid=multi-category","Reviews"
"https://www.zivame.com/floret-double-layered-non-wired-full-coverage-minimiser-bra-marigold.html?productId=681412&trksrc=category&trkid=multi-category","https://cdn.zivame.com/media/zcmsimages/configimages/FA1017-Marigold/1_medium.jpg?t=1667549701","https://www.zivame.com/floret-double-layered-non-wired-full-coverage-minimiser-bra-marigold.html?trksrc=category&trkid=multi-category","Floret Double Layered Non Wired Full Coverage Minimiser Bra - Marigold","₹449","44 people favorited this","","","",""
"https://www.zivame.com/floret-medium-impact-non-padded-slip-on-sports-bra-rose-668.html?productId=472607&trksrc=category&trkid=multi-category","https://cdn.zivame.com/media/zcmsimages/configimages/FA4004-Rose/1_medium.jpg?t=1646400003","https://www.zivame.com/floret-medium-impact-non-padded-slip-on-sports-bra-rose-668.html?trksrc=category&trkid=multi-category","Floret Medium Impact Seamless Sports Bra - Rose","₹219","417 people favorited this","4.0","(3)","https://www.zivame.com/floret-medium-impact-non-padded-slip-on-sports-bra-rose-668.html?trksrc=category&trkid=multi-category","Reviews"
"https://www.zivame.com/floret-double-layered-wirefree-natural-lift-minimiser-bra-cool-grey.html?productId=292387&trksrc=category&trkid=multi-category","https://cdn.zivame.com/media/zcmsimages/configimages/FA1017-Cool%20Grey/1_medium.JPG?t=1609908636","https://www.zivame.com/floret-double-layered-wirefree-natural-lift-minimiser-bra-cool-grey.html?trksrc=category&trkid=multi-category","Floret Double Layered Non-Wired Full Coverage Minimiser Bra - Cool Grey","₹389","1689 people favorited this","4.1","(14)","https://www.zivame.com/floret-double-layered-wirefree-natural-lift-minimiser-bra-cool-grey.html?trksrc=category&trkid=multi-category","Reviews"
"https://www.zivame.com/floret-double-layered-wirefree-natural-lift-minimiser-bra-nude.html?productId=292389&trksrc=category&trkid=multi-category","https://cdn.zivame.com/media/zcmsimages/configimages/FA1017-Nude/1_medium.JPG?t=1609908641","https://www.zivame.com/floret-double-layered-wirefree-natural-lift-minimiser-bra-nude.html?trksrc=category&trkid=multi-category","Floret Double Layered Non-Wired Full Coverage Minimiser Bra - Nude","₹389","2547 people favorited this","4.8","(19)","https://www.zivame.com/floret-double-layered-wirefree-natural-lift-minimiser-bra-nude.html?trksrc=category&trkid=multi-category","Reviews"
"https://www.zivame.com/floret-double-layered-non-wired-full-coverage-minimiser-bra-rose1.html?productId=681404&trksrc=category&trkid=multi-category","https://cdn.zivame.com/media/zcmsimages/configimages/FA1017-Rose1/1_medium.jpg?t=1667549769","https://www.zivame.com/floret-double-layered-non-wired-full-coverage-minimiser-bra-rose1.html?trksrc=category&trkid=multi-category","Floret Double Layered Non Wired Full Coverage Minimiser Bra - Rose1","₹449","29 people favorited this","5.0","(1)","https://www.zivame.com/floret-double-layered-non-wired-full-coverage-minimiser-bra-rose1.html?trksrc=category&trkid=multi-category","Reviews"
"https://www.zivame.com/floret-push-up-non-wired-t-shirt-regular-cotton-bra-cool-grey.html?productId=304358&trksrc=category&trkid=multi-category","https://cdn.zivame.com/media/zcmsimages/configimages/FA1041-Cool%20Grey/1_medium.jpg?t=1616049188","https://www.zivame.com/floret-push-up-non-wired-t-shirt-regular-cotton-bra-cool-grey.html?trksrc=category&trkid=multi-category","Floret Padded Non-Wired 3/4Th Coverage Push-Up Bra - Cool Grey","₹499","559 people favorited this","5.0","(2)","https://www.zivame.com/floret-push-up-non-wired-t-shirt-regular-cotton-bra-cool-grey.html?trksrc=category&trkid=multi-category","Reviews"
"https://www.zivame.com/floret-medium-impact-non-padded-slip-on-sports-bra-black-495.html?productId=472583&trksrc=category&trkid=multi-category","https://cdn.zivame.com/media/zcmsimages/configimages/FA4002-Black/1_medium.JPG?t=1646399807","https://www.zivame.com/floret-medium-impact-non-padded-slip-on-sports-bra-black-495.html?trksrc=category&trkid=multi-category","Floret Medium Impact Slip On Sports Bra - Black","₹249","429 people favorited this","5.0","(3)","https://www.zivame.com/floret-medium-impact-non-padded-slip-on-sports-bra-black-495.html?trksrc=category&trkid=multi-category","Reviews"
"https://www.zivame.com/floret-double-layered-non-wired-full-coverage-minimiser-bra-magenta1.html?productId=681400&trksrc=category&trkid=multi-category","https://cdn.zivame.com/media/zcmsimages/configimages/FA1017-Magenta1/1_medium.jpg?t=1667549696","https://www.zivame.com/floret-double-layered-non-wired-full-coverage-minimiser-bra-magenta1.html?trksrc=category&trkid=multi-category","Floret Double Layered Non Wired Full Coverage Minimiser Bra - Magenta1","₹449","55 people favorited this","","","",""
"https://www.zivame.com/floret-medium-impact-non-padded-slip-on-sports-bra-sky-248.html?productId=472610&trksrc=category&trkid=multi-category","https://cdn.zivame.com/media/zcmsimages/configimages/FA4004-Sky/1_medium.jpg?t=1646400009","https://www.zivame.com/floret-medium-impact-non-padded-slip-on-sports-bra-sky-248.html?trksrc=category&trkid=multi-category","Floret Medium Impact Seamless Sports Bra - Sky","₹219","664 people favorited this","4.2","(5)","https://www.zivame.com/floret-medium-impact-non-padded-slip-on-sports-bra-sky-248.html?trksrc=category&trkid=multi-category","Reviews"
"https://www.zivame.com/floret-non-padded-non-wired-basic-regular-cotton-bra-rose.html?productId=304338&trksrc=category&trkid=multi-category","https://cdn.zivame.com/media/zcmsimages/configimages/FA1025-Rose/1_medium.JPG?t=1616049654","https://www.zivame.com/floret-non-padded-non-wired-basic-regular-cotton-bra-rose.html?trksrc=category&trkid=multi-category","Floret Double Layered Non-Wired 3/4Th Coverage Super Support Bra - Rose","₹339","197 people favorited this","","","",""
"https://www.zivame.com/floret-double-layered-wirefree-natural-lift-minimiser-bra-navy.html?productId=241342&trksrc=category&trkid=multi-category","https://cdn.zivame.com/media/zcmsimages/configimages/FA1017-Navy/1_medium.jpg?t=1610012702","https://www.zivame.com/floret-double-layered-wirefree-natural-lift-minimiser-bra-navy.html?trksrc=category&trkid=multi-category","Floret Double Layered Wirefree Natural Lift Minimiser Bra - Navy","₹449","4114 people favorited this","4.6","(48)","https://www.zivame.com/floret-double-layered-wirefree-natural-lift-minimiser-bra-navy.html?trksrc=category&trkid=multi-category","Reviews"
"https://www.zivame.com/floret-medium-impact-non-padded-slip-on-sports-bra-tomato-751.html?productId=472609&trksrc=category&trkid=multi-category","https://cdn.zivame.com/media/zcmsimages/configimages/FA4004-Tomato/1_medium.JPG?t=1646400015","https://www.zivame.com/floret-medium-impact-non-padded-slip-on-sports-bra-tomato-751.html?trksrc=category&trkid=multi-category","Floret Medium Impact Seamless Sports Bra - Tomato","₹219","575 people favorited this","4.8","(5)","https://www.zivame.com/floret-medium-impact-non-padded-slip-on-sports-bra-tomato-751.html?trksrc=category&trkid=multi-category","Reviews"
"https://www.zivame.com/floret-double-layered-wirefree-natural-lift-t-shirt-bra-lime-green.html?productId=241315&trksrc=category&trkid=multi-category","https://cdn.zivame.com/media/zcmsimages/configimages/FA1006-Lime%20Green/1_medium.jpg?t=1554119145","https://www.zivame.com/floret-double-layered-wirefree-natural-lift-t-shirt-bra-lime-green.html?trksrc=category&trkid=multi-category","Floret Double Layered Wirefree Natural Lift T-Shirt Bra - Lime Green","₹339","2939 people favorited this","4.4","(36)","https://www.zivame.com/floret-double-layered-wirefree-natural-lift-t-shirt-bra-lime-green.html?trksrc=category&trkid=multi-category","Reviews"
"https://www.zivame.com/floret-double-layered-non-wired-medium-coverage-t-shirt-bra-wine.html?productId=681423&trksrc=category&trkid=multi-category","https://cdn.zivame.com/media/zcmsimages/configimages/FA1040-Wine/1_medium.JPG?t=1667549635","https://www.zivame.com/floret-double-layered-non-wired-medium-coverage-t-shirt-bra-wine.html?trksrc=category&trkid=multi-category","Floret Double Layered Non Wired Medium Coverage T-Shirt Bra - Wine","₹279","72 people favorited this","","","",""
"https://www.zivame.com/floret-double-layered-wirefree-natural-lift-3-4th-coverage-t-shirt-bra-skin.html?productId=241285&trksrc=category&trkid=multi-category","https://cdn.zivame.com/media/zcmsimages/configimages/FA1012-Skin/1_medium.jpg?t=1554120050","https://www.zivame.com/floret-double-layered-wirefree-natural-lift-3-4th-coverage-t-shirt-bra-skin.html?trksrc=category&trkid=multi-category","Floret Double Layered Wirefree Natural Lift 3/4th Coverage T-Shirt Bra - Skin","₹399","1105 people favorited this","3.8","(8)","https://www.zivame.com/floret-double-layered-wirefree-natural-lift-3-4th-coverage-t-shirt-bra-skin.html?trksrc=category&trkid=multi-category","Reviews"
"https://www.zivame.com/floret-double-layered-non-wired-medium-coverage-t-shirt-bra-magenta.html?productId=681421&trksrc=category&trkid=multi-category","https://cdn.zivame.com/media/zcmsimages/configimages/FA1040-Magenta/1_medium.JPG?t=1667549921","https://www.zivame.com/floret-double-layered-non-wired-medium-coverage-t-shirt-bra-magenta.html?trksrc=category&trkid=multi-category","Floret Double Layered Non Wired Medium Coverage T-Shirt Bra - Magenta","₹279","48 people favorited this","","","",""
"https://www.zivame.com/floret-push-up-non-wired-t-shirt-regular-cotton-bra-white.html?productId=304361&trksrc=category&trkid=multi-category","https://cdn.zivame.com/media/zcmsimages/configimages/FA1041-White/1_medium.jpg?t=1616049204","https://www.zivame.com/floret-push-up-non-wired-t-shirt-regular-cotton-bra-white.html?trksrc=category&trkid=multi-category","Floret Padded Non-Wired 3/4Th Coverage Push-Up Bra - White","₹499","331 people favorited this","5.0","(1)","https://www.zivame.com/floret-push-up-non-wired-t-shirt-regular-cotton-bra-white.html?trksrc=category&trkid=multi-category","Reviews"
"https://www.zivame.com/floret-padded-non-wired-3-4th-coverage-t-shirt-bra-navy.html?productId=681415&trksrc=category&trkid=multi-category","https://cdn.zivame.com/media/zcmsimages/configimages/FA1038-Navy/1_medium.JPG?t=1667549851","https://www.zivame.com/floret-padded-non-wired-3-4th-coverage-t-shirt-bra-navy.html?trksrc=category&trkid=multi-category","Floret Padded Non Wired 3/4Th Coverage T-Shirt Bra - Navy","₹399","72 people favorited this","","","",""
"https://www.zivame.com/floret-medium-impact-non-padded-slip-on-sports-bra-magenta-941.html?productId=472584&trksrc=category&trkid=multi-category","https://cdn.zivame.com/media/mimages/rb/solid-loader.gif","https://www.zivame.com/floret-medium-impact-non-padded-slip-on-sports-bra-magenta-941.html?trksrc=category&trkid=multi-category","Floret Medium Impact Slip On Sports Bra - Magenta","₹249","284 people favorited this","5.0","(2)","https://www.zivame.com/floret-medium-impact-non-padded-slip-on-sports-bra-magenta-941.html?trksrc=category&trkid=multi-category","Reviews"
"https://www.zivame.com/floret-spacer-non-wired-minimiser-regular-cotton-bra-black-1.html?productId=304362&trksrc=category&trkid=multi-category","https://cdn.zivame.com/media/mimages/rb/solid-loader.gif","https://www.zivame.com/floret-spacer-non-wired-minimiser-regular-cotton-bra-black-1.html?trksrc=category&trkid=multi-category","Floret Double Layered Non-Wired Full Coverage Minimiser Bra - Black","₹439","343 people favorited this","4.3","(4)","https://www.zivame.com/floret-spacer-non-wired-minimiser-regular-cotton-bra-black-1.html?trksrc=category&trkid=multi-category","Reviews"
"https://www.zivame.com/floret-double-layered-non-wired-full-coverage-minimiser-bra-pink3.html?productId=681402&trksrc=category&trkid=multi-category","https://cdn.zivame.com/media/mimages/rb/solid-loader.gif","https://www.zivame.com/floret-double-layered-non-wired-full-coverage-minimiser-bra-pink3.html?trksrc=category&trkid=multi-category","Floret Double Layered Non Wired Full Coverage Minimiser Bra - Pink3","₹469","57 people favorited this","","","",""
"https://www.zivame.com/floret-medium-impact-non-padded-slip-on-sports-bra-wine-644.html?productId=472608&trksrc=category&trkid=multi-category","https://cdn.zivame.com/media/mimages/rb/solid-loader.gif","https://www.zivame.com/floret-medium-impact-non-padded-slip-on-sports-bra-wine-644.html?trksrc=category&trkid=multi-category","Floret Medium Impact Seamless Sports Bra - Wine","₹219","459 people favorited this","3.8","(4)","https://www.zivame.com/floret-medium-impact-non-padded-slip-on-sports-bra-wine-644.html?trksrc=category&trkid=multi-category","Reviews"
"https://www.zivame.com/floret-double-layered-wirefree-natural-lift-t-shirt-bra-maroon.html?productId=241318&trksrc=category&trkid=multi-category","https://cdn.zivame.com/media/mimages/rb/solid-loader.gif","https://www.zivame.com/floret-double-layered-wirefree-natural-lift-t-shirt-bra-maroon.html?trksrc=category&trkid=multi-category","Floret Double Layered Wirefree Natural Lift T-Shirt Bra - Maroon","₹339","658 people favorited this","3.5","(6)","https://www.zivame.com/floret-double-layered-wirefree-natural-lift-t-shirt-bra-maroon.html?trksrc=category&trkid=multi-category","Reviews"
"https://www.zivame.com/floret-medium-impact-non-padded-slip-on-sports-bra-pink-856.html?productId=472586&trksrc=category&trkid=multi-category","https://cdn.zivame.com/media/mimages/rb/solid-loader.gif","https://www.zivame.com/floret-medium-impact-non-padded-slip-on-sports-bra-pink-856.html?trksrc=category&trkid=multi-category","Floret Medium Impact Slip On Sports Bra - Pink","₹249","126 people favorited this","","","",""
"https://www.zivame.com/floret-extra-soft-cups-wirefree-natural-lift-push-up-bra-magenta.html?productId=241334&trksrc=category&trkid=multi-category","https://cdn.zivame.com/media/mimages/rb/solid-loader.gif","https://www.zivame.com/floret-extra-soft-cups-wirefree-natural-lift-push-up-bra-magenta.html?trksrc=category&trkid=multi-category","Floret Extra Soft Cups Wirefree Natural Lift Push Up Bra - Magenta","₹479","1712 people favorited this","3.8","(10)","https://www.zivame.com/floret-extra-soft-cups-wirefree-natural-lift-push-up-bra-magenta.html?trksrc=category&trkid=multi-category","Reviews"
"https://www.zivame.com/floret-double-layered-wirefree-natural-lift-t-shirt-bra-cool-grey.html?productId=241312&trksrc=category&trkid=multi-category","https://cdn.zivame.com/media/mimages/rb/solid-loader.gif","https://www.zivame.com/floret-double-layered-wirefree-natural-lift-t-shirt-bra-cool-grey.html?trksrc=category&trkid=multi-category","Floret Double Layered Wirefree Natural Lift T-Shirt Bra - Cool Grey","₹339","1703 people favorited this","3.9","(22)","https://www.zivame.com/floret-double-layered-wirefree-natural-lift-t-shirt-bra-cool-grey.html?trksrc=category&trkid=multi-category","Reviews"
"https://www.zivame.com/floret-medium-impact-non-padded-slip-on-sports-bra-magenta-943.html?productId=472604&trksrc=category&trkid=multi-category","https://cdn.zivame.com/media/zcmsimages/configimages/FA4004-Magenta/1_medium.jpg?t=1646399987","https://www.zivame.com/floret-medium-impact-non-padded-slip-on-sports-bra-magenta-943.html?trksrc=category&trkid=multi-category","Floret Medium Impact Seamless Sports Bra - Magenta","₹219","769 people favorited this","4.4","(7)","https://www.zivame.com/floret-medium-impact-non-padded-slip-on-sports-bra-magenta-943.html?trksrc=category&trkid=multi-category","Reviews"
"https://www.zivame.com/floret-non-padded-non-wired-t-shirt-regular-cotton-and-lace-bra-wine.html?productId=304331&trksrc=category&trkid=multi-category","https://cdn.zivame.com/media/zcmsimages/configimages/FA1046-Wine/1_medium.JPG?t=1616049635","https://www.zivame.com/floret-non-padded-non-wired-t-shirt-regular-cotton-and-lace-bra-wine.html?trksrc=category&trkid=multi-category","Floret Double Layered Non-Wired Full Coverage Lace Bra - Wine","₹499","1919 people favorited this","3.3","(3)","https://www.zivame.com/floret-non-padded-non-wired-t-shirt-regular-cotton-and-lace-bra-wine.html?trksrc=category&trkid=multi-category","Reviews"
"https://www.zivame.com/floret-double-layered-wirefree-natural-lift-3-4th-coverage-t-shirt-bra-wine.html?productId=241288&trksrc=category&trkid=multi-category","https://cdn.zivame.com/media/zcmsimages/configimages/FA1012-Wine/1_medium.jpg?t=1554120058","https://www.zivame.com/floret-double-layered-wirefree-natural-lift-3-4th-coverage-t-shirt-bra-wine.html?trksrc=category&trkid=multi-category","Floret Double Layered Wirefree Natural Lift 3/4th Coverage T-Shirt Bra - Wine","₹399","964 people favorited this","4.3","(3)","https://www.zivame.com/floret-double-layered-wirefree-natural-lift-3-4th-coverage-t-shirt-bra-wine.html?trksrc=category&trkid=multi-category","Reviews"
"https://www.zivame.com/floret-medium-impact-non-padded-slip-on-sports-bra-rose-669.html?productId=472575&trksrc=category&trkid=multi-category","https://cdn.zivame.com/media/zcmsimages/configimages/FA4001-Rose/1_medium.jpg?t=1646399761","https://www.zivame.com/floret-medium-impact-non-padded-slip-on-sports-bra-rose-669.html?trksrc=category&trkid=multi-category","Floret Medium Impact Seamless Sports Bra - Rose","₹279","261 people favorited this","","","",""
"https://www.zivame.com/floret-double-layered-non-wired-full-coverage-super-support-bra-nude-skin.html?productId=605422&trksrc=category&trkid=multi-category","https://cdn.zivame.com/media/zcmsimages/configimages/FA1118-Nude%20Skin/1_medium.jpg?t=1660027558","https://www.zivame.com/floret-double-layered-non-wired-full-coverage-super-support-bra-nude-skin.html?trksrc=category&trkid=multi-category","Floret Double Layered Non Wired Full Coverage Super Support Bra - Nude Skin","₹898","86 people favorited this","","","",""
"https://www.zivame.com/floret-double-layered-wirefree-natural-lift-t-shirt-bra-wine.html?productId=241325&trksrc=category&trkid=multi-category","https://cdn.zivame.com/media/zcmsimages/configimages/FA1006-Wine/1_medium.jpg?t=1554120007","https://www.zivame.com/floret-double-layered-wirefree-natural-lift-t-shirt-bra-wine.html?trksrc=category&trkid=multi-category","Floret Double Layered Wirefree Natural Lift T-Shirt Bra - Wine","₹339","1375 people favorited this","4.8","(13)","https://www.zivame.com/floret-double-layered-wirefree-natural-lift-t-shirt-bra-wine.html?trksrc=category&trkid=multi-category","Reviews"
"https://www.zivame.com/floret-medium-impact-non-padded-slip-on-sports-bra-pink-858.html?productId=472606&trksrc=category&trkid=multi-category","https://cdn.zivame.com/media/zcmsimages/configimages/FA4004-Pink/1_medium.jpg?t=1646399997","https://www.zivame.com/floret-medium-impact-non-padded-slip-on-sports-bra-pink-858.html?trksrc=category&trkid=multi-category","Floret Medium Impact Seamless Sports Bra - Pink","₹219","647 people favorited this","4.5","(2)","https://www.zivame.com/floret-medium-impact-non-padded-slip-on-sports-bra-pink-858.html?trksrc=category&trkid=multi-category","Reviews"
"https://www.zivame.com/floret-medium-impact-non-padded-slip-on-sports-bra-skin-647.html?productId=472570&trksrc=category&trkid=multi-category","https://cdn.zivame.com/media/zcmsimages/configimages/FA4001-Skin/1_medium.JPG?t=1646399769","https://www.zivame.com/floret-medium-impact-non-padded-slip-on-sports-bra-skin-647.html?trksrc=category&trkid=multi-category","Floret Medium Impact Seamless Sports Bra - Skin","₹279","257 people favorited this","3.5","(2)","https://www.zivame.com/floret-medium-impact-non-padded-slip-on-sports-bra-skin-647.html?trksrc=category&trkid=multi-category","Reviews"
"https://www.zivame.com/floret-medium-impact-non-padded-slip-on-sports-bra-lime-green-633.html?productId=472578&trksrc=category&trkid=multi-category","https://cdn.zivame.com/media/mimages/rb/solid-loader.gif","https://www.zivame.com/floret-medium-impact-non-padded-slip-on-sports-bra-lime-green-633.html?trksrc=category&trkid=multi-category","Floret Medium Impact Seamless Sports Bra - Lime Green","₹279","231 people favorited this","5.0","(1)","https://www.zivame.com/floret-medium-impact-non-padded-slip-on-sports-bra-lime-green-633.html?trksrc=category&trkid=multi-category","Reviews"
"https://www.zivame.com/floret-spacer-non-wired-minimiser-regular-cotton-bra-mineral.html?productId=304329&trksrc=category&trkid=multi-category","https://cdn.zivame.com/media/mimages/rb/solid-loader.gif","https://www.zivame.com/floret-spacer-non-wired-minimiser-regular-cotton-bra-mineral.html?trksrc=category&trkid=multi-category","Floret Double Layered Non-Wired Full Coverage Minimiser Bra - Mineral","₹539","494 people favorited this","4.0","(1)","https://www.zivame.com/floret-spacer-non-wired-minimiser-regular-cotton-bra-mineral.html?trksrc=category&trkid=multi-category","Reviews"
"https://www.zivame.com/floret-double-layered-wirefree-natural-lift-t-shirt-bra-black-1.html?productId=241345&trksrc=category&trkid=multi-category","https://cdn.zivame.com/media/mimages/rb/solid-loader.gif","https://www.zivame.com/floret-double-layered-wirefree-natural-lift-t-shirt-bra-black-1.html?trksrc=category&trkid=multi-category","Floret Double Layered Wirefree Natural Lift T-Shirt Bra - Black","₹349","2421 people favorited this","3.7","(15)","https://www.zivame.com/floret-double-layered-wirefree-natural-lift-t-shirt-bra-black-1.html?trksrc=category&trkid=multi-category","Reviews"
"https://www.zivame.com/floret-padded-non-wired-full-coverage-push-up-bra-dcyan.html?productId=681397&trksrc=category&trkid=multi-category","https://cdn.zivame.com/media/mimages/rb/solid-loader.gif","https://www.zivame.com/floret-padded-non-wired-full-coverage-push-up-bra-dcyan.html?trksrc=category&trkid=multi-category","Floret Padded Non Wired Full Coverage Push-Up Bra - Dcyan","₹529","51 people favorited this","","","",""
"https://www.zivame.com/floret-double-layered-wirefree-natural-lift-nursing-bra-black.html?productId=241328&trksrc=category&trkid=multi-category","https://cdn.zivame.com/media/mimages/rb/solid-loader.gif","https://www.zivame.com/floret-double-layered-wirefree-natural-lift-nursing-bra-black.html?trksrc=category&trkid=multi-category","Floret Double Layered Wirefree Natural Lift Nursing Bra - Black","₹469","1717 people favorited this","4.2","(15)","https://www.zivame.com/floret-double-layered-wirefree-natural-lift-nursing-bra-black.html?trksrc=category&trkid=multi-category","Reviews"
"https://www.zivame.com/floret-wirefree-natural-lift-3-4th-coverage-push-up-bra-magenta.html?productId=241281&trksrc=category&trkid=multi-category","https://cdn.zivame.com/media/mimages/rb/solid-loader.gif","https://www.zivame.com/floret-wirefree-natural-lift-3-4th-coverage-push-up-bra-magenta.html?trksrc=category&trkid=multi-category","Floret Wirefree Natural Lift 3/4th Coverage Push Up Bra - Magenta","₹479","154 people favorited this","","","",""
"https://www.zivame.com/floret-padded-non-wired-t-shirt-regular-cotton-bra-skin.html?productId=304318&trksrc=category&trkid=multi-category","https://cdn.zivame.com/media/mimages/rb/solid-loader.gif","https://www.zivame.com/floret-padded-non-wired-t-shirt-regular-cotton-bra-skin.html?trksrc=category&trkid=multi-category","Floret Padded Non-Wired 3/4Th Coverage T-Shirt Bra - Skin","₹399","495 people favorited this","4.0","(3)","https://www.zivame.com/floret-padded-non-wired-t-shirt-regular-cotton-bra-skin.html?trksrc=category&trkid=multi-category","Reviews"
"https://www.zivame.com/floret-double-layered-wirefree-natural-lift-t-shirt-bra-nude.html?productId=241320&trksrc=category&trkid=multi-category","https://cdn.zivame.com/media/mimages/rb/solid-loader.gif","https://www.zivame.com/floret-double-layered-wirefree-natural-lift-t-shirt-bra-nude.html?trksrc=category&trkid=multi-category","Floret Double Layered Wirefree Natural Lift T-Shirt Bra - Nude","₹339","2476 people favorited this","4.1","(27)","https://www.zivame.com/floret-double-layered-wirefree-natural-lift-t-shirt-bra-nude.html?trksrc=category&trkid=multi-category","Reviews"